<?xml version="1.0" encoding="UTF-8" standalone="yes"?>
<ns2:ExportManifest xmlns:ns2="http://www.pentaho.com/schema/">
    <ExportManifestInformation exportDate="11-01-2017 06:07:35 CET" exportBy="admin" rootFolder="/home/admin/" manifestVersion="2"/>
    <ExportManifestEntity path="esquemas.xdash">
        <ExportManifestProperty>
            <EntityMetaData name="esquemas.xdash" createdDate="2017-01-11T17:43:33.817+01:00" isFolder="false" path="esquemas.xdash" isHidden="false" locale="en_US" description="esquemas.xdash" title="esquemas"/>
        </ExportManifestProperty>
        <ExportManifestProperty>
            <EntityAcl>
                <entriesInheriting>true</entriesInheriting>
                <owner>admin</owner>
                <ownerType>USER</ownerType>
            </EntityAcl>
        </ExportManifestProperty>
    </ExportManifestEntity>
</ns2:ExportManifest>
